{
  "train_loss": [
    0.02927422163787122,
    0.02287544676758578,
    0.02230172754724893,
    0.02201507832189561,
    0.021933959386588278,
    0.021875578490130897,
    0.021754990074112683,
    0.02173041463536408
  ],
  "val_accuracy": [
    0.8450867052023121,
    0.8375894236822526,
    0.8573685114176157,
    0.8244605963486522,
    0.8417100669604533,
    0.8101871458822183,
    0.8135866765867338,
    0.8132661821095404
  ],
  "val_recall": [
    0.8650831822610283,
    0.8557105331310815,
    0.8784392072712025,
    0.8389630890278343,
    0.8598665630742289,
    0.8220306584286013,
    0.8255823991515286,
    0.8248794504667826
  ],
  "val_precision": [
    0.9643392309701544,
    0.9653709165785519,
    0.964731695424872,
    0.9675992433185885,
    0.9658401440642749,
    0.9687245669108243,
    0.968981139722379,
    0.9693627628585093
  ]
}